_META_,,,,,
SOURCE,https://drive.google.com/open?id=0BzB3t6aSc9bDcVBGc2xUMUR6Z0k,,,,
SOURCEQUALIFIERS,COUNCIL APPROVED,,,,
DOCTITLE,CITY OF TORONTO 2013 COUNCIL APPROVED OPERATING BUDGET GROSS EXPENDITURE,,,,
YEAR,2013,,,,
TYPE,GROSS EXPENDITURE,,,,
UNITS,"$1,000.00",,,,
NOTES,,,,,
_METAEND_,,,,,
_DATA_,,,,,
DIVISIONCODE,DivisionName,Amount,RollIntoCode,Note,AlternateSource
311SERVICE,311 Toronto,19025.8,,,
AFFHOUSING,Affordable Housing Office,2639.6,,,
ARENAS,Arena Boards of Management,7193.6,,,
AUDITGEN,Auditor General's Office,4038.1,,,
BUILDING,Toronto Building,47090.6,,,
CFO,Office of the Chief Financial Officer,15526.4,,,
CHILDSERV,Children's Services,401174,,,
CITYMANAGER,City Manager's Office,50386.2,,,
CLERK,City Clerk's Office,46469.5,,,
COMMCENTRES,Association of Community Centres,7111.2,,,
CORPEXPENDITURES,Non-Program Expenditures,703639.8,,,
CORPFINANCING,Capital & Corporate Financing,655019.5,,,
CORPREVENUES,Non-Program Revenues,9224.4,,,
COUNCIL,City Council,19761.7,,,
COURTSERV,Court Services,54790.9,,,
ECONDEV,Economic Development & Culture,56705.9,,,
EMERG,Emergency Medical Services,179525.2,,,
ENV,Toronto Environment Office,4539.2,,,
EXHIBPLACE,Exhibition Place,43650.7,,,
FACILITIES,Facilities Management & Real Estate,178535.6,,,
FIRE,Fire Services,375364.1,,,
FLEET,Fleet Services,46340.4,,,
HERITAGE,Heritage Toronto,740.1,,,
INTEGRITYCOMM,Integrity Commissioner's Office,249.7,,,
IT,Information & Technology,105191.3,,,
LEGAL,Legal Services,44811,,,
LIBRARY,Toronto Public Library,180793.9,,,
LICENCING,Municipal Licensing & Standards,48413.6,,,
LOBBYREG,Lobbyist Registrar,1065.4,,,
LONGTERMHOME,Long Term Care Homes & Services,226566.5,,,
MAYOR,Mayor's Office,1940.3,,,
OMBUDSMAN,Office of the Ombudsman,1570.1,,,
PARKING,Toronto Parking Authority,72216.7,,http://www1.toronto.ca/City%20Of%20Toronto/Strategic%20Communications/City%20Budget/2013/Operating%20Budget%20Summaries/op13_an_tpa.pdf,https://drive.google.com/open?id=0BzB3t6aSc9bDQWZLeC13cjgtZGM
PARKS,"Parks, Forestry & Recreation",392026.7,,,
PLANNING,City Planning,39019.9,,,
POLICE,Toronto Police Service,1018876.1,,,
POLICEBOARD,Toronto Police Services Board,2751.6,,,
POLICYADMIN,"Policy, Planning, Finance & Administration",20859.5,,,
PUBLICHEALTH,Toronto Public Health,240462.8,,,
REGIONCONSERV,Toronto & Region Conservation Authority,38402,,,
SHELTERADMIN,"Shelter, Support & Housing Administration",668682.3,,,
SOCIALDEV,"Social Development, Finance & Administration",33589.1,,,
SOCIALSERV,Toronto Employment & Social Services,1243544.4,,,
SOLIDWASTE,Solid Waste Management Services,348747.9,,http://www1.toronto.ca/City%20Of%20Toronto/Strategic%20Communications/City%20Budget/2013/Operating%20Budget%20Summaries/op13_an_swms.pdf,https://drive.google.com/open?id=0BzB3t6aSc9bDb1lJY1NJbHBTOFk
TECH,Technical Services,70748,ENGINEERING,,
THEATRES,Theatres,23589.5,,,
TRANSPORTATION,Transportation Services,329511,,,
TREASURER,Office of the Treasurer,72551.4,,,
TTCCONV,Toronto Transit Commission - Conventional,1540948.4,,,
TTCWHEEL,Toronto Transit Commission - Wheel-Trans,102369.3,,,
WATER,Toronto Water,940797.1,,http://www1.toronto.ca/City%20Of%20Toronto/Strategic%20Communications/City%20Budget/2013/Operating%20Budget%20Summaries/op13_an_water.pdf,https://drive.google.com/open?id=0BzB3t6aSc9bDWmhZSXNKSWN1aTQ
YONGEDUNDAS,Yonge-Dundas Square,2069.2,,,
ZOO,Toronto Zoo,53565.3,,,
