_META_,,,,,
SOURCE,https://drive.google.com/open?id=0BzB3t6aSc9bDNG1ER1F2VHZ5YzQ,,,,
SOURCEQUALIFIERS,,,,,
DOCTITLE,2011 COUNCIL APPROVED OPERATING BUDGET – REVENUE,,,,
YEAR,2011,,,,
TYPE,REVENUES,,,,
UNITS,"$1,000.00",,,,
NOTES,,,,,
_METAEND_,,,,,
_DATA_,,,,,
DIVISIONCODE,DivisionName,Amount,RollIntoCode,Note,AlternateSource
311SERVICE,3-1-1 Customer Service Strategy,9466.6,,,
AFFHOUSING,Affordable Housing Office,1607.8,,,
ARENAS,Arena Boards of Management,6542.1,,,
AUDITGEN,Auditor General's Office,0,,,
BUILDING,Toronto Building,57488.2,,,
CFO,Office of the Chief Financial Officer,6582,,,
CHILDSERV,Children's Services,313629.6,,,
CITYMANAGER,City Manager's Office,6277.9,,,
CLERK,City Clerk's Office,18980.6,,,
COMMCENTRES,Association of Community Centres,201.7,,,
CORPEXPENDITURES,Non-Program Expenditures,113976.1,,,
CORPFINANCING,Capital & Corporate Financing,38021.7,,,
CORPREVENUES,Non-Program Revenues,1161756.9,,,
COUNCIL,City Council,0,,,
COURTSERV,Court Services,66476.6,,,
CPIP,Community Partnership and Investment Program,80,,,
ECONDEV,Economic Development & Culture,9413.3,,,
EMERG,Emergency Medical Services,104763.3,,,
ENV,Toronto Environment Office,8314.8,,,
EXHIBPLACE,Exhibition Place,64225.1,,,
FACILITIES,Facilities & Real Estate,115916.1,,,
FIRE,Fire Services,15430.1,,,
FLEET,Fleet Services,48010.3,,,
HERITAGE,Heritage Toronto,498.9,,,
INTEGRITYCOMM,Integrity Commissioner's Office,0,,,
IT,Information & Technology,28045.9,,,
LEGAL,Legal Services,21888,,,
LIBRARY,Toronto Public Library,13432.8,,,
LICENCING,Municipal Licensing & Standards,28034,,,
LOBBYREG,Lobbyist Registrar,0,,,
LONGTERMHOME,Long Term Care Homes & Services,177462.8,,,
MAYOR,Mayor's Office,0,,,
OMBUDSMAN,Office of the Ombudsman,0,,,
PARKING,Toronto Parking Authority,127297.6,,,
PARKS,"Parks, Forestry & Recreation",100962.3,,,
PLANNING,City Planning,24023,,,
POLICE,Toronto Police Service,68373.1,,,
POLICEBOARD,Toronto Police Services Board,610.6,,,
POLICYADMIN,"Policy, Planning, Finance and Administration",13030.5,,,
PUBLICHEALTH,Toronto Public Health,189089.7,,,
REGIONCONSERV,Toronto & Region Conservation Authority,32963.7,,,
SHELTERADMIN,"Shelter, Support & Housing Administration",624855.4,,,
SOCIALDEV,"Social Development, Finance & Administration",12558.6,,,
SOCIALSERV,Toronto Employment & Social Services,1007262.8,,,
SOLIDWASTE,Solid Waste Management Services,342631.5,,,
TECH,Technical Services,57098.6,,,
THEATRES,Theatres,23646.8,,,
TRANSPORTATION,Transportation Services,117622,,,
TREASURER,Office of the Treasurer,45062.3,,,
TTCCONV,Toronto Transit Commission - Conventional,1007328.9,,,
TTCWHEEL,Toronto Transit Commission - Wheel-Trans,5610.9,,,
WATER,Toronto Water,820919.8,,,
WATERFRONT,Waterfront Secretariat,600,CITYMANAGER,,
YONGEDUNDAS,Yonge-Dundas Square,1372,,,
ZOO,Toronto Zoo,34827.7,,,
